-- Trunca as tabelas
SET FOREIGN_KEY_CHECKS = 0; 
TRUNCATE TABLE estoque;
TRUNCATE TABLE detalhe_pedidos;
TRUNCATE TABLE pedidos;
TRUNCATE TABLE produtos;
TRUNCATE TABLE categoria;
TRUNCATE TABLE conta;
SET FOREIGN_KEY_CHECKS = 1;

-- INSERIR AS CATEGORIAS
INSERT INTO categoria (categoria_id,nome)VALUES (1,'Brinquedos');
INSERT INTO categoria (categoria_id,nome)VALUES (2,'Escolar');
INSERT INTO categoria (categoria_id,nome)VALUES (3,'DVDs Blu-ray e Livros');
INSERT INTO categoria (categoria_id,nome)VALUES (4,'Vestuário Infantil');
INSERT INTO categoria (categoria_id,nome)VALUES (5,'Games');
INSERT INTO categoria (categoria_id,nome)VALUES (6,'Veículos');
INSERT INTO categoria (categoria_id,nome)VALUES (7,'Eletrônicos');
INSERT INTO categoria (categoria_id,nome)VALUES (8,'Playgrounds');
INSERT INTO categoria (categoria_id,nome)VALUES (9,'Quarto e Decoração');

-- INSERIR OS PRODUTOS
INSERT INTO produtos (sku,nome,descricao,preco,categoria_id,refe,refebig) VALUES (	1	,	'	LEGO Minecraft - A Caverna	'	,	'	Aventure-se em The Cave, uma missão perigosa para encontrar o recursos vitais! Empunhe a picareta de ferro para cavar e batalhar contra hostis zumbis e aranhas mobs. Exploda para fora minérios e minerais valiosos com a TNT e combine a água corrente com a lava para encontrar a preciosa obsidiana! Quando você terminar de minerar, restaure seus níveis de energia comendo um delicioso pedaço de pão.',199.99,1	,'assets/img/1.jpg'	,	'assets/img/din/1.jpg');
INSERT INTO produtos (sku,nome,descricao,preco,categoria_id,refe,refebig) VALUES (	2	,	'	Boneca Barbie - Rock and Royals - Mattel	'	,	'As meninas vão adorar celebrar a história com a boneca Courtney, que se transforma magicamente de princesa a roqueira. Basta levantar o microfone rosa até sua boca para ativar uma transformação e ouvir dois trechos de músicas do filme! A Courtney tem uma saia que roda, transformando-a em uma estrela descolada enquanto a música toca. Como princesa, ela usa um vestido rosa com corpete prateado e rosa, e um moderno peplum estampado.',149.99,1,'assets/img/2.jpg','assets/img/din/2.jpg');
INSERT INTO produtos (sku,nome,descricao,preco,categoria_id,refe,refebig) VALUES (	3	,	'	Boneco Patati Patatá - Patati - Multibrink	'	,	'Boneco Patati Patatá - Patati 7010 - Multibrink. Divertidos, trapalhados, educativos	'	,	99.99	,	1	,	'assets/img/3.jpg','assets/img/din/3.jpg'	)	;
INSERT INTO produtos (sku,nome,descricao,preco,categoria_id,refe,refebig) VALUES (	4	,	'	Boneco Marvel Avengers - Capitão América	'	,	'	Aumente suas aventuras contra o crime com essa patriótica figura do soldado Capitão América. A figura tem aproximadamente 30 centímetros e usará suas super força e escudo indestrutível para abrir um ataque contra o mal em todo lugar. Com o Capitão América do seu lado não tem como saber onde as aventuras com os vingadores irão te levar.'	,	54.8	,	1	,	'	assets/img/4.jpg','assets/img/din/4.jpg'	)	;
INSERT INTO produtos (sku,nome,descricao,preco,categoria_id,refe,refebig) VALUES (	5	,	'	Figura Jurassic World	'	,	'	Espertos como sempre, os Velociraptors são imbatíveis quando o assunto é caçar. Eles estão preparados para se juntar e formar uma equipe de caçadores invencíveis. Com suas garras e ferozes dentes, nada irá parar no caminho destes aterrorizantes dinossauros.	'	,	49.8	,	1	,	'assets/img/5.jpg','assets/img/din/5.jpg')	;
INSERT INTO produtos (sku,nome,descricao,preco,categoria_id,refe,refebig) VALUES (	6	,	'	Jogo Novo Banco Imobiliário 2014	'	,	'	Banco Imobiliário Grande - Estrela! Você agora poderá ser um próspero proprietário de imóveis. Ter crédito em Banco, títulos, terrenos, casas e hotéis nos melhores pontos da cidade. Onde o céu é o limite! Cabe a você investir tudo que possui para tornar-se um milionário e monopolizar o mercado imobiliário. Para isso, você terá que provar que tem faro para negócios.',99.99,1,'assets/img/6.jpg','assets/img/din/6.jpg')	;
INSERT INTO produtos (sku,nome,descricao,preco,categoria_id,refe,refebig) VALUES (	7	,	'	Boneco Star Wars - Darth Vader	'	,	'	Brinque de recriar as mais incríveis batalhas do novo filme Star Wars - Episódio VII - O Despertar da Força - e de outros filmes da saga - com a linha de figuras e veículos Hero Series. Essas figuras de aproximadamente 30 centímetros (vendidas separadamente) contam com os principais heróis e vilões dos filmes. Cada figura tem um ótimo tamanho com 5 pontos de articulação!',59.99,1,'assets/img/7.jpg','assets/img/din/7.jpg')	;
INSERT INTO produtos (sku,nome,descricao,preco,categoria_id,refe,refebig) VALUES (	8	,	'	Lançador Nerf N-Strike Elite - CrossBolt	'	,	'	A linha Nerf Elite está cheia de inovações! Passe por qualquer desafio com a potência deste lançador! Agora você pode encontra-lo no formato de Crossbow! O lançador ainda possui uma capacidade de 12 dardos!',159.99,1,'assets/img/8.jpg','assets/img/din/8.jpg');
INSERT INTO produtos (sku,nome,descricao,preco,categoria_id,refe,refebig) VALUES (	9	,	'	Mesinha Oficina de Criações - Xalingo	'	,	'	Mesinha Oficina de Criações da Xalingo! Para pintar, montar brinquedos, comer... De ótima qualidade e com acentos e encostos anatômicos que proporcionam maior conforto durante a brincadeira! Peças de fácil encaixe para total segurança das crianças!',130.2,2,'assets/img/9.jpg','assets/img/din/9.jpg');
INSERT INTO produtos (sku,nome,descricao,preco,categoria_id,refe,refebig) VALUES (	10	,	'	Maleta do Artista Amarela - Crayola	'	,	'	Dê um toque especial e criativo, venha brincar e se divertir com esta maleta. A maleta se transforma em suporte para pintar e contém: 08 canetinhas, 16 gizes de cera, 12 lápis de cor, 08 aquarelas, 01 pincel e 01 cola escolar.',129.99,2,'assets/img/10.jpg','assets/img/din/10.jpg');
INSERT INTO produtos (sku,nome,descricao,preco,categoria_id,refe,refebig) VALUES (	11	,	'	Mochilete Pocahontas Grande	'	,	'A mochilete da DMW Pocahontas acompanha um belo relógio também da marca DMW, tudo feito com material de primeira qualidade, uma ótima opção para criançada além da mochila ser confortável e estilosa, com bolsos laterais e externos, disponível nos tamanhos médio e grande, camuflada, Jasmine, Bob Esponja e também Pocahontas. Acompanhada de um lindo relógio.',254.9,2,'assets/img/11.jpg','assets/img/din/11.jpg')	;
INSERT INTO produtos (sku,nome,descricao,preco,categoria_id,refe,refebig) VALUES (	12	,	'	Conjunto Play-Doh - Princesas Disney 	'	,	'	O Conjunto Play-Doh - Princesas Disney da Hasbro vem com tudo que você precisa para criar e moldar o seu conto de fadas favorito. Molde figuras divertidas ou crie qualquer coisa que sua imaginação mandar e junte-se à Bela Adormecida nessa incrível aventura.',199.99,2,'assets/img/12.jpg','assets/img/din/12.jpg');
INSERT INTO produtos (sku,nome,descricao,preco,categoria_id,refe,refebig) VALUES (	13	,	'	Estojo Soft Mulan com Bolso - DMW	'	,	'Torne mágico o momento do aprendizado com o Estojo Soft Mulan. Ele tem cores vibrantes, como vermelho e detalhes em dourado, com duas divisórias que têm puxadores em formato de coração. Espaço suficiente para ela guardar tudo o que precisa na hora de pintar. A Mulan esta soldada no centro do estojo. Dê para sua filha um estojo com qualidade da Mulan, ela vai adorar!',49.9,2,'assets/img/13.jpg','assets/img/din/13.jpg');
INSERT INTO produtos (sku,nome,descricao,preco,categoria_id,refe,refebig) VALUES (	14	,	'	Estojo Redondo Soft Pocahontas - DMW	'	,	'Incentive a imaginação da sua filha com o estojo redondo da índia Pocahontas. O estojo tem nuances em tons de azul e detalhes dourados, com peças em cetim e fica em pé sozinho, com alça para ser levado para onde quiser. Dá destaque a imagem da Pocahontas. Seu puxador é em formato de coração. Inspire a imaginação dela com o Estojo Redondo Soft Pocahontas e veja sorrisos.',32.9,2,'assets/img/14.jpg','assets/img/din/14.jpg');
INSERT INTO produtos (sku,nome,descricao,preco,categoria_id,refe,refebig) VALUES (	15	,	'	Lancheira Baby Funny Rosa - Girotondo Baby	'	,	'A Lancheira Funny é ideal para acomodar os alimentos, possui garfo, colher e divisória que proporciona praticidade durante a alimentação. A tampa possui um sistema de fechamento seguro e mantém separados os talheres dos alimentos. Produzido em material moderno, que evita a alteração de gosto e odor. É resistente, design moderno e cores alegres.',52.9,2,'assets/img/15.jpg','assets/img/din/15.jpg');
INSERT INTO produtos (sku,nome,descricao,preco,categoria_id,refe,refebig) VALUES (	16	,	'	Lancheira Baby Funny Azul - Girotondo Baby	'	,	'A Lancheira Funny é ideal para acomodar os alimentos, possui garfo, colher e divisória que proporciona praticidade durante a alimentação. A tampa possui um sistema de fechamento seguro e mantém separados os talheres dos alimentos. Produzido em material moderno, que evita a alteração de gosto e odor. É resistente, design moderno e cores alegres.',52.9,2,'assets/img/16.jpg','assets/img/din/16.jpg');
INSERT INTO produtos (sku,nome,descricao,preco,categoria_id,refe,refebig) VALUES (	17	,	'	DVDs - Coleção Disney Princesas - Volume 1 - 5 Filmes	'	,		'Cinco Princesas da Disney se reúnem nesse box inesquecível para momentos únicos! As meninas vão entrar em grandes aventuras com as Princesas Bela, Tiana, Branca de Neve, Cinderela e Rapunzel!São 7 DVDS e 5 histórias clássicas da Disney reunidas na Coleção Disney Princesas - Volume 1!',	89.99,3,'assets/img/17.jpg','assets/img/din/17.jpg');
INSERT INTO produtos (sku,nome,descricao,preco,categoria_id,refe,refebig) VALUES (	18	,	'	DVD - Peppa Pig - Brincando de Bobinho	'	,		'Peppa está ensinando seu irmãozinho George a pegar a bola, assim eles vão poder brincar de uma porção de jogos juntos. Papai Pig inventa a melhor história na hora de dormir para Peppa e George, sobre uma princesa adormecida. E muito mais poças de diversão com Peppa, seu irmãozinho George, mamãe Pig, papai Pig e todos os seus amigos!',29.99,3,'assets/img/18.jpg','assets/img/din/18.jpg');
INSERT INTO produtos (sku,nome,descricao,preco,categoria_id,refe,refebig) VALUES (	19	,	'	DVD - A Bela Adormecida	'	,	'	A lenda imortal começa com a gloriosa celebração do nascimento da Princesa Aurora - um acontecimento muito feliz que faz com que Malévola, uma das vilãs mais espetaculares, sinta-se com ciúmes. Com o passar dos anos a Aurora cresce e transforma-se em uma bela e graciosa mulher e as três fadas fazem o seu melhor para proteger a princesa. Mas infelizmente, em seu aniversário de 16 anos, Aurora espeta o dedo em uma roca encantada e cai em um sono profundo sob o feitiço de Malévola. Somente o corajoso Príncipe Felipe pode derrotar o dragão cuspidor de fogo e despertar a princesa de seus sonhos!',29.99,3,'assets/img/19.jpg','assets/img/din/19.jpg');
INSERT INTO produtos (sku,nome,descricao,preco,categoria_id,refe,refebig) VALUES (	20	,	'	DVD - Cinderela 2015	'	,	'	A história de Cinderela segue a vida da jovem Ella (Lily James), cujo pai comerciante casa novamente depois que fica viúvo de sua mãe. Ansiosa para apoiar o adorado pai, Ella recebe bem a madrasta (Cate Blanchett) e suas filhas, Anastasia (Holliday Grainger) e Drisella (Sophie McShera), na casa da família. Mas quando o pai de Ella falece inesperadamente, ela se vê à mercê de uma nova família cruel e invejosa.',39.99,3,'assets/img/20.jpg','assets/img/din/20.jpg');
INSERT INTO produtos (sku,nome,descricao,preco,categoria_id,refe,refebig) VALUES (	21	,	'	Livro Disney Winnie The Pooh - O Livro do Piano de Pooh	'	,	'É importante que os pequenos tenham contato com a leitura desde a primeira idade. Mesmo que ainda não tenham aprendido a ler, as histórias ajudam a aguçar a curiosidade, estimulam a mente e ensinam o gosto por livros. O Livro do Piano de Pooh também é um livro musical! Vai auxiliar as crianças a desenvolverem a habilidade musical, a coordenação motora e visual! Dessa forma, vão aprender sobre notas musicais ao mesmo tempo que se divertem à beça! Brincadeira rica em aprendizado!',69.9,3,'assets/img/21.jpg','assets/img/din/21.jpg');
INSERT INTO produtos (sku,nome,descricao,preco,categoria_id,refe,refebig) VALUES (	22	,	'	Livro - Bob Esponja Meu Amigo Bob Esponja	'	,	'	Todo mundo na Fenda do Bikini adora o Bob Esponja! Por que eles gostam tanto dele? É o que você vai descobrir com este livro pra lá de divertido! Veja o que cada um dos amigos do esponjoso pensa sobre ele e descubra o que esse carinha amarelo e quadrado tem de tão especial.',39.9,3,'assets/img/22.jpg','assets/img/din/22.jpg');
INSERT INTO produtos (sku,nome,descricao,preco,categoria_id,refe,refebig) VALUES (	23	,	'	Livro Eletrônico - Galinha Pintadinha - Teclando e Escrevendo	'	,	'O Livro Eletrônico - Galinha Pintadinha - Teclando e Escrevendo da Dican auxilia no processo de alfabetização dos pequeninos. Ele ajuda no desenvolvimento da fala, ampliando o vocabulário e ensinando letras, números, animais e outros. Ainda toca músicas animadas para os entreter enquanto exibe as letras em um painel luminoso, ensinando as letras.',59.99,3,'assets/img/23.jpg','assets/img/din/23.jpg');
INSERT INTO produtos (sku,nome,descricao,preco,categoria_id,refe,refebig) VALUES (	24	,	'	DVD Galinha Pintadinha 4 - Som Livre	'	,	'	 O tempo de espera acabou. A Galinha Pintadinha está de volta em seu quarto DVD cheio de novidades. O projeto inteiramente brasileiro reúne músicas inéditas da turminha que encanta as crianças de todo o país. Conta com elementos visuais lúdicos e educativos, ensinando e divertindo os pequenos com muitas animações e músicas.	'	,	39.99,3,'assets/img/24.jpg','assets/img/din/24.jpg');
INSERT INTO produtos (sku,nome,descricao,preco,categoria_id,refe,refebig) VALUES (	25	,	'	Boné Max Steel Infantil Masculino	'	,	'	O Boné Max Steel Infantil Masculino Ataque - Boneleska é ideal para compor visuais modernos e cheios de atitude para o seu garoto. Confeccionada em microfibra na cor preta, a peça possui detalhes em azul e uma estampa do Max Steel na parte frontal.',14.9,4,'assets/img/25.jpg','assets/img/din/25.jpg');
INSERT INTO produtos (sku,nome,descricao,preco,categoria_id,refe,refebig) VALUES (	26	,	'	Boina Moranguinho Infantil Feminina Jeans	'	,	'	O Chapéu Moranguinho Infantil Feminina – Boneleska vai deixar a baixinha tão estilosa como a charmosa personagem! Disponível na cor vermelha, a peça é confeccionada em sarja, 100% algodão. Além de leve e confortável, o modelo evita que a luz do sol atinja a cabeça e os olhos da criança.',14.9,4,'assets/img/26.jpg','assets/img/din/26.jpg');
INSERT INTO produtos (sku,nome,descricao,preco,categoria_id,refe,refebig) VALUES (	27	,	'	Boina Moranguinho Infantil Feminina Jeans Azul	'	,	'	O Chapéu Moranguinho Infantil Feminina Jeans - Boneleska é ideal para as meninas com estilo despojado. Além de acrescentar ainda mais charme ao visual da gatinha, a peça protege a criança em dias ensolarados. Confeccionada em jeans, 100% algodão, o modelo possui um acabamento em tecido vermelho com bolinhas brancas e um laço da mesma cor na lateral.',16.92,4,'assets/img/27.jpg','assets/img/din/27.jpg');
INSERT INTO produtos (sku,nome,descricao,preco,categoria_id,refe,refebig) VALUES (	28	,	'	Chapéu Barbie Infantil Feminino	'	,	'	O Chapéu Barbie Infantil Feminino – Boneleska é perfeito para a proteção nos dias quentes. Macio e confortável, o modelo protege não só a cabeça da criança, como também os olhos e a nuca. Confeccionada em sarja num tom delicado de rosa, a peça é decorada com uma estampa da Barbie na parte superior frontal e uma aplicação em strass do nome da boneca na aba.',17.9,4,'assets/img/28.jpg','assets/img/din/28.jpg');
INSERT INTO produtos (sku,nome,descricao,preco,categoria_id,refe,refebig) VALUES (	29	,	'	Boné Kids Feminino Rosa	'	,	'	Nos dias quentes, proteção é fundamental. Proteja a sua pequena do sol com muito estilo com o Boné Kids Feminino Rosa – Boneleska. Confeccionada em sarja na cor rosa, a peça possui listras em tom mais escuro que dão um toque à mais de estilo à peça.',7.9,4,'assets/img/29.jpg','assets/img/din/29.jpg');
INSERT INTO produtos (sku,nome,descricao,preco,categoria_id,refe,refebig) VALUES (	30	,	'	Boné Fuleco Bebê	'	,	'	Boné Fuleco Bebê – Oficial Copa do Mundo 2014, licenciado pela FIFA mascote brasileiro da Copa do Mundo. No formato da cabeça do Tatu Bola, mascote da Copa com orelhinhas na parte de cima do boné e estampa do rosto do Fuleco para ficar protegido do sol e ainda torcer muito durante os jogos. Parte de trás do boné elástico que se ajusta a cabeça do bebê.',29.9,4,'assets/img/30.jpg','assets/img/din/30.jpg');
INSERT INTO produtos (sku,nome,descricao,preco,categoria_id,refe,refebig) VALUES (	31	,	'	Camiseta Disney - Infantil - Cinza	'	,	'	A Camiseta de Manga Longa da Disney deixará o seu pequeno ainda mais lindo e estiloso. Na cor mescla claro, em malha penteada, com decote redondo, possui uma estampa para enfeitar ainda mais e fazer de seu pequeno príncipe um verdadeiro anjinho. Não deixe de comprar e proteger o seu pequeno!',45.5,4,'assets/img/31.jpg','assets/img/din/31.jpg');
INSERT INTO produtos (sku,nome,descricao,preco,categoria_id,refe,refebig) VALUES (	32	,	'	Jogo PC FIFA Soccer 14	'	,	'Jogo PC FiFa Soccer 14 Experimente a emoção de marcar golaços!  Agora cada passo conta, quando os jogadores param, giram, cortam e controlam o ritmo com a agilidade e explosão dos atletas reais.  Um novo recurso chamado Pure Shot e um novo sistema de física da bola vão transformar a finalização das jogadas, fazendo cada tentativa de gol parecer real e emocionante quando o jogador consegue a finalização perfeita.',69.9,5,'assets/img/32.jpg','assets/img/din/32.jpg');
INSERT INTO produtos (sku,nome,descricao,preco,categoria_id,refe,refebig) VALUES (	33	,	'	Jogo Nintendo 3DS - Mario Golf World Tour	'	,	'	Dê tacadas ao redor do mundo com Mario ou com seu personagem Mii e desafie jogadores online com o Jogo Mario Golf World Tour para Nintendo 3DS. 	'	,	149.00,5,'assets/img/33.jpg','assets/img/din/33.jpg');
INSERT INTO produtos (sku,nome,descricao,preco,categoria_id,refe,refebig) VALUES (	34	,	'	Jogo Nintendo 3DS - Disney Magical World	'	,	'Entre no mundo temático da Disney, divirta-se com Mickey e seus amigos completando diferentes tarefas. Além de interagir com 60 personagens da Disney como Mickey, Minnie, Aladdin, Alice e outros, os jogadores poderão resolver quebra-cabeças, encontrar itens perdidos, cumprir uma série de missões diferentes e personalizar seus avatares com roupas e acessórios temáticos.',149,5,'assets/img/34.jpg','assets/img/din/34.jpg');
INSERT INTO produtos (sku,nome,descricao,preco,categoria_id,refe,refebig) VALUES (	35	,	'	Jogo Nintendo 3DS - Style Savvy Trendsetters	'	,	'Style Savvy é a moda em 3D! Style Savvy Trendsetters combina moda e criatividade com uma coleção de roupas modernas, acessórios e sapatos. Como o proprietário de uma boutique de roupas, você deve administrar uma loja, controlar um estoque e tentar agradar a um fluxo constante de clientes que procuram roupas da moda.',79,5,'assets/img/35.jpg','assets/img/din/35.jpg');
INSERT INTO produtos (sku,nome,descricao,preco,categoria_id,refe,refebig) VALUES (	36	,	'	Jogo Playstation 3 - Final Fantasy XIII 2	'	,	'Jogo Playstation 3 - Final Fantasy XIII 2! A série de sucesso internacional que já vendeu mais de 100 milhões de cópias em todo mundo chega a sua mais nova sequência: Final Fantasy III 2! Explore um mundo ricamente desenvolvido com personagens novos além dos familiares, e um sistema de batalha emocionante em nova estratégia altamente desenvolvida',129,5,'assets/img/36.jpg','assets/img/din/36.jpg');
INSERT INTO produtos (sku,nome,descricao,preco,categoria_id,refe,refebig) VALUES (	37	,	'	Jogo Nintendo 3DS - Freakyforms Deluxe: Your Creations, Alive!	'	,	' 3DS para povoar seu próprio planeta! Escolha entre mais de 600 combinações diferentes para completar a sua criação, como asas para voar ou rodas. As decisões que você fizer determinarão quais as habilidades do seu Formee e como ele se moverá pelo mundo.',79,5,'assets/img/37.jpg','assets/img/din/37.jpg');
INSERT INTO produtos (sku,nome,descricao,preco,categoria_id,refe,refebig) VALUES (	38	,	'	Mini Veículo Elétrico - Camaro com Controle Remoto 6V Rosa	'	,	'Cheio de estilo, o Mini Veículo Camaro Rosa da Bandeirante vai proporcionar muita diversão para os pequenos! Com o Camaro Rosa, a sua pequena vai poder ir pra cima e pra baixo, seja sozinha, seja com a ajuda dos pais. Com o controle remoto os pais também podem participar da brincadeira, movimentando o mini veículo para todos os lados e levando a criança para todo lado.',999.99,6,'assets/img/38.jpg','assets/img/din/38.jpg');
INSERT INTO produtos (sku,nome,descricao,preco,categoria_id,refe,refebig) VALUES (	39	,	'	Patinete Disney Frozen - Bandeirante	'	,	'Esporte e diversão podem andar juntos sempre. Com o Patinete Disney Frozen da Bandeirante você vai incentivar suas filhas a gostar de praticar esportes, mostrando à elas uma atividade que faz bem para o corpo e ainda é prazerosa! O Patinete vai ajudá-las a desenvolver o equilíbrio, a coordenação motora, além de ensinar-lhes a vencer os obstáculos e os medos, impulsionando-as a desbravar o mundo ao seu redor com muita diversão!',245.9,6,'assets/img/39.jpg','assets/img/din/39.jpg');
INSERT INTO produtos (sku,nome,descricao,preco,categoria_id,refe,refebig) VALUES (	40	,	'	Bicicleta Rock - Aro 12 - Azul e Vermelho	'	,	'	A Bicicleta Verden - Rock Aro 12 é ideal para as crianças que estão dando as primeiras pedaladas se divertirem muito e com segurança, pois possui quadro e garfo em aço carbono e rodinhas para pedaladas seguras! É para a garotada que tem energia de sobra e também para os momentos de lazer. Produto certificado por órgão acreditado pelo Inmetro.',149.49,6,'assets/img/40.jpg','assets/img/din/40.jpg');
INSERT INTO produtos (sku,nome,descricao,preco,categoria_id,refe,refebig) VALUES (	41	,	'	Patinete da Princesinha Sofia	'	,	'Esporte e diversão podem andar juntos sempre. Com o Patinete da Princesinha Sofia, da Multibrink, você vai incentivar as pequenas a gostar de praticar esportes, mostrando à elas uma atividade que faz bem para o corpo e ainda é prazerosa! O Patinete vai ajudá-las a desenvolver o equilíbrio, a coordenação motora, além de ensinar-lhes a vencer os obstáculos e os medos, impulsionando-as a desbravar o mundo ao seu redor com muita diversão!',189.79,6,'assets/img/41.jpg','assets/img/din/41.jpg');
INSERT INTO produtos (sku,nome,descricao,preco,categoria_id,refe,refebig) VALUES (	42	,	'	Triciclo - Mickey Mouse Club House	'	,	'	As crianças passam por uma intensa fase de aprendizado durante o crescimento. Há a necessidade de treinar o reflexo, a coordenação motora, de começar a descobrir o mundo ao redor e se aventurar em novas brincadeiras e esportes diferenciados. Pedalar, além de ser uma brincadeira super divertida, vai ajudar a criança a adquirir firmeza nos movimentos das pernas, senso de direção, além de ajudar a vencer medos e a explorar tudo o que há à sua volta!',499.99,6,'assets/img/42.jpg','assets/img/din/42.jpg');
INSERT INTO produtos (sku,nome,descricao,preco,categoria_id,refe,refebig) VALUES (	43	,	'	Bicicleta X-Bike Aro 14 - Disney Frozen	'	,	'	As crianças passam por uma intensa fase de aprendizado durante o crescimento. Há a necessidade de treinar o reflexo, a coordenarão motora, o equilíbrio, de descobrir o mundo ao redor e se aventurar em novas brincadeiras e esportes diferenciados. Pedalar, além de ser uma brincadeira super divertida, vai ajudar a criança a adquirir firmeza nos movimentos das pernas, senso de direção, além de ajudar a vencer medos e proporcionar uma sensação agradável de liberdade e de aventura!',435.89,6,'assets/img/43.jpg','assets/img/din/43.jpg');
INSERT INTO produtos (sku,nome,descricao,preco,categoria_id,refe,refebig) VALUES (	44	,	'	Mini Moto Elétrica - Ban Moto Cross 6V 	'	,	'	A Mini Moto Elétrica - Ban Moto Cross da Bandeirante vai proporcionar momentos super radicais para os pequenos! Sinônimo de diversão, a Mini Moto Elétrica - Ban Moto Cross foi desenhada para ser esportiva e radical, como todo menina curte! Robusta, com rodas grandes, é muito bonita, além de super segurar para os meninos!',497.9,6,'assets/img/44.jpg','assets/img/din/44.jpg');
INSERT INTO produtos (sku,nome,descricao,preco,categoria_id,refe,refebig) VALUES (	45	,	'	Carrinho de Passeio - Fiat Uno Premium 	'	,	'A réplica do Fiat Uno mais divertido do Brasil, para pedalar e passear com conforto e segurança. Multifunção, com duas formas de uso: Função Auxiliar Passeio: O adulto utiliza a haste para empurrar o Uno Passeio (a criança controla a direção. As rodas não giram 360°). Função Pedal: Com o piso recuado, a criança tem acesso aos pedais e utiliza o brinquedo de forma tradicional.',599.99,6,'assets/img/45.jpg','assets/img/din/45.jpg');
INSERT INTO produtos (sku,nome,descricao,preco,categoria_id,refe,refebig) VALUES (	46	,	'	Tablet Princesas Disney com Case - Android 4.2 e 8GB de Memória	'	,	' Utilidade e estilo se juntam no Tablet Princesas Disney com Case - Android 4.2 e 8GB de Memória - TT5300i da Tectoy! Com um acabamento bem feito, encaixes perfeitos para maior resistência e botões firmes, combinando a parte frontal branca com a tampa traseira da mesma cor estampada com a imagem das irmãs Elsa e Anna, o Tablet Princesas foi feito com um design bastante atrativo para as meninas. ',429,7,'assets/img/46.jpg','assets/img/din/46.jpg');
INSERT INTO produtos (sku,nome,descricao,preco,categoria_id,refe,refebig) VALUES (	47	,	'	Headphone HF-200 - Mickey Mouse	'	,	'	Headphone HF-200 - Mickey Mouse é um acessório indispensável para os pequenos fãs desse lindo personagem. Possui revestimento exclusivo totalmente decorado, tamanho regulável e compatibilidade com Tablets e Smartphones. Super fashion e estiloso, a criançada vai enlouquecer com as lindas estampas deste desenho que é sucesso no mundo inteiro! O Fone que a garotada quer!',9.00,7,'assets/img/47.jpg','assets/img/din/47.jpg');
INSERT INTO produtos (sku,nome,descricao,preco,categoria_id,refe,refebig) VALUES (	48	,	'	Headphone HF-100 - Princesas Disney	'	,	'	O Headphone HF-100 - Princesas Disney é um acessório indispensável para as pequenas fãs dessas princesinhas. Possui revestimento exclusivo totalmente decorado, tamanho regulável e compatibilidade com Tablets e Smartphones. Super fashion e estiloso, as meninas vão enlouquecer com as lindas estampas deste desenho que é sucesso no mundo inteiro! O Fone que toda garota quer!',79,7,'assets/img/48.jpg','assets/img/din/48.jpg');
INSERT INTO produtos (sku,nome,descricao,preco,categoria_id,refe,refebig) VALUES (	49	,	'	Tablet - Marvel Avengers - 7 Polegadas e 8GB de Memória	'	,	'Utilidade e estilo se juntam no Tablet - Marvel Avengers - 7 Polegadas e 8GB de Memória da Tectoy, Com um acabamento bem feito, encaixes perfeitos para maior resistência e botões firmes foi feito com um design bastante atrativo para crianças. A tela touchscreen é multi-touch, o que permite diversos toques em regiões diferentes da tela ao mesmo tempo. Com 7 polegadas, tem um tamanho ideal para uma boa visualização e que também o torna discreto para ser guardado dentro da bolsa ou da mochila e ser transportado para todos os lugares',528.97,7,'assets/img/49.jpg','assets/img/din/49.jpg');
INSERT INTO produtos (sku,nome,descricao,preco,categoria_id,refe,refebig) VALUES (	50	,	'	DVD Player Portátil - Rapunzel	'	,	'	DVD Player Portátil - Rapunzel da Tectoy! Com tela de LCD giratória de 7 polegadas, design compacto e tematizado com adesivos decorativos exclusivos da personagem Rapunzel! Possui interior decorado, controle remoto, alto falante interno integrado, sistema de alimentação bivolt automático, bateria interna recarregável e entrada para cartões SD/MMC/MS e USB. Display LCD gira 180° no sentido horário e 90° no sentido anti-horário.',172.3,7,'assets/img/50.jpg','assets/img/din/50.jpg');
INSERT INTO produtos (sku,nome,descricao,preco,categoria_id,refe,refebig) VALUES (	51	,	'	DVD Player Compacto - Disney Aviões	'	,	'DVD Player Compacto - Disney Aviões da Tectoy! Design super compacto, tematizado com os personagens de Disney Aviões e com função Ripping que permite copiar arquivos de áudio de uma mídia para um pen drive, através da conexão USB! Possui conexão de áudio analógico e estéreo, sistema de alimentação bivolt automático é compatível com as principais mídias do mercado e tem diversas funções de reprodução: Zoom, Multiangulo, Programação, Repetição, entre outros.',172.3,7,'assets/img/51.jpg','assets/img/din/51.jpg');
INSERT INTO produtos (sku,nome,descricao,preco,categoria_id,refe,refebig) VALUES (	52	,	'	Tablet Android 4.2 Ben 10 com Headphone	'	,	'Utilidade e estilo se juntam no Tablet Android do Ben 10, da Candide. Com um acabamento bem feito, encaixes perfeitos para maior resistência e botões firmes, combinando a parte frontal preta com a tampa traseira verde com estampa referente ao desenho Ben 10, o Tablet do Ben 10 foi feito com um design bastante atrativo para crianças.',380.2,7,'assets/img/52.jpg','assets/img/din/52.jpg');
INSERT INTO produtos (sku,nome,descricao,preco,categoria_id,refe,refebig) VALUES (	53	,	'	Tablet Android 4.2 Xuxa com Headphone	'	,	'Utilidade e estilo se juntam no Tablet Android da Xuxa, da Candide. Com um acabamento bem feito, encaixes perfeitos para maior resistência e botões firmes, combinando a parte frontal branca com a tampa traseira estampada com flores e a assinatura da Xuxa, o Tablet da Xuxa foi feito com um design bastante atrativo para crianças.',380.9,7,'assets/img/53.jpg','assets/img/din/53.jpg');
INSERT INTO produtos (sku,nome,descricao,preco,categoria_id,refe,refebig) VALUES (	54	,	'	Barraca Peppa Pig	'	,	'	Os pequenos vão poder brincar de acampar, as meninas vão se divertir transformando a Barraca em uma casinha ou até no seu próprio camping! Ajude-os a inventar histórias e brincadeiras para deixar o momento ainda mais legal! Aventura, ação, solte a imaginação para criar momentos incríveis, a Barraca da Peppa Pig é ideal para estimular a criatividade dos pequenos!',139.99,8,'assets/img/	54.jpg','assets/img/din/54.jpg');
INSERT INTO produtos (sku,nome,descricao,preco,categoria_id,refe,refebig) VALUES (	55	,	'	Flat Ball - Multikids	'	,	'	Jogar bola dentro de casa sem quebrar nada e sujar as paredes é possível! Com a Flat Ball da Multikids, as mães podem ficar despreocupadas com qualquer acidente e as crianças vão se divertir muito com essa brincadeira eletrizante!',114.99,8,'assets/img/55.jpg','assets/img/din/55.jpg');
INSERT INTO produtos (sku,nome,descricao,preco,categoria_id,refe,refebig) VALUES (	56	,	'	Barraca - Galinha Pintadinha	'	,	'	Barraca Galinha Pintadinha 7530 - Multibrink. Barraca de tecido fácil de montar, leve, colorida e divertida! Todo mundo vai se sentir em casa. Basta montar e começar a brincar! Acomoda 2 crianças.',139.99,8,'assets/img/56.jpg','assets/img/din/56.jpg');
INSERT INTO produtos (sku,nome,descricao,preco,categoria_id,refe,refebig) VALUES (	57	,	'	Jundbalanço Duplo com Estrutura Azul	'	,	'Deixe a brincadeira da criançada ainda mais animada com este lindo Balanço Duplo com Estrutura Azul e 2 Cadeiras da Jundplay! Ideal para brincadeiras ao ar livre que estimulam a coordenação e movimentação das crianças, o Balanço Jundplay pode ser usado por crianças a partir de três anos de idade.',739.9,8,'assets/img/57.jpg','assets/img/din/57.jpg');
INSERT INTO produtos (sku,nome,descricao,preco,categoria_id,refe,refebig) VALUES (	58	,	'	Bóia Inflável - Baby Bote Kiddie com Cobertura	'	,	'	Intex Baby Bote. O Bote Inflável da Intex garante horas de diversão na piscina para os pequenos. Com capacidade aproximada de até 11kg, encaixe para por as pernas macio assim não machucando a perna da criança e uma cobertura para o sol.',44.99,8,'assets/img/58.jpg','assets/img/din/58.jpg');
INSERT INTO produtos (sku,nome,descricao,preco,categoria_id,refe,refebig) VALUES (	59	,	'	Piscina Pequena	'	,	'	Piscina Pequena Inflável do Solzinho! Super confortável e com um tamanho adequado para uma criança se acomodar em sua piscininha e se divertir',29.99,8,'assets/img/59.jpg','assets/img/din/59.jpg');
INSERT INTO produtos (sku,nome,descricao,preco,categoria_id,refe,refebig) VALUES (	60	,	'	Big Bolhão Azul - DTC	'	,	'	O Big Bolhão se parece com uma bolha, se move como uma bolha, mas não estoura como uma! Ideal para chutar, apertar, arremessar ou quicar!',149.99,8,'assets/img/60.jpg','assets/img/din/60.jpg');
INSERT INTO produtos (sku,nome,descricao,preco,categoria_id,refe,refebig) VALUES (	61	,	'	Cama Elástica Galvanizada - 2,50 de Diâmetro	'	,	'	Deixe a brincadeira da criançada ainda mais animada com a Cama Elástica da Jundplay! Ideal para brincadeiras ao ar livre que estimulam a coordenação e movimentação das crianças, a Cama Elástica pode ser usada por crianças com mais de três anos. Estimule a agilidade dos pequenos, deixe a criatividade tomar conta da brincadeira, e gaste toda a energia da criançada nessa deliciosa brincadeira!',1549.99,8,'assets/img/61.jpg','assets/img/din/61.jpg');
INSERT INTO produtos (sku,nome,descricao,preco,categoria_id,refe,refebig) VALUES (	62	,	'	Porta Objetos Portátil - Spider-Man	'	,	'Com o Porta Objetos Portátil - Spider-Man da Zippy Toys a bagunça no quarto das crianças está com os dias contados! Com este Guarda Brinquedos fica mais fácil e divertido organizar os brinquedos dos pequeninos. Muito práticos, eles vem com tampa retrátil e usam o sistema Pop Up, é só abrir e pronto. Não ocupa espaço depois da brincadeira e é fácil de lavar e guardar, estando sempre disponível para mais brincadeiras! Quando montado, o guarda objetos mede aproximadamente 78 cm de altura e 43 cm de largura.',49.99,9,'assets/img/62.jpg','assets/img/din/62.jpg');
INSERT INTO produtos (sku,nome,descricao,preco,categoria_id,refe,refebig) VALUES (	63	,	'	Móbile Projetor Bichinhos	'	,	'	O Móbile Projetor Bichinhos da Fisher-Price possui cúpula se acende e gira, além de fazer projeção de imagens! Ele toca até 20 minutos de sons e vem com 4 bichinhos que divertem o bebê. E, quando a criança crescer, a haste pode ser removida. O produto vem com prático controle remoto para as mamães.',379.99,9,'assets/img/63.jpg','assets/img/din/63.jpg');
INSERT INTO produtos (sku,nome,descricao,preco,categoria_id,refe,refebig) VALUES (	64	,	'	Móbile Fazendinha	'	,	'Esse móbile tem personagens, que podem ser mordidos e ficam pendurados em um estábulo que tem o desenho de uma vaquinha na parte da frente. Possui sons e música, e pode ser adaptado na cadeirinha do carro, no carrinho de bebê ou no ginásio (vendidos separadamente).',59.99,9,'assets/img/64.jpg','assets/img/din/64.jpg');
INSERT INTO produtos (sku,nome,descricao,preco,categoria_id,refe,refebig) VALUES (	65	,	'	Móbile Take Along Tiny Princess	'	,	'	Móbile Take Along Tiny Princess da Tiny Love! Um móbile colorido e cativante que vai a toda parte com sua princesinha, ideal para uso em carrinhos-de-bebê, berços, mochilas e cadeira automotivas. Brinquedos adoráveis que dão ao bebê fora de casa um sentimento de familiaridade. Com 30 minutos de música contínua e 5 canções diferentes, além de conectores apropriados para cada tipo de acessório.',16.99	,9,'assets/img/65.jpg','assets/img/din/65.jpg');
INSERT INTO produtos (sku,nome,descricao,preco,categoria_id,refe,refebig) VALUES (	66	,	'	Porta Objetos Portátil - Princesas Disney	'	,	'Com o Porta Objetos Portátil - Princesas Disney da Zippy Toys a bagunça no quarto das crianças está com os dias contados! Com este Guarda Brinquedos fica mais fácil e divertido organizar os brinquedos dos pequeninos. Muito práticos, eles vem com tampa retrátil e usam o sistema Pop Up, é só abrir e pronto. Não ocupa espaço depois da brincadeira e é fácil de lavar e guardar, estando sempre disponível para mais brincadeiras! Quando montado, o guarda objetos mede aproximadamente 78 cm de altura e 43 cm de largura.',39.99,9,'assets/img/66.jpg','assets/img/din/66.jpg');
INSERT INTO produtos (sku,nome,descricao,preco,categoria_id,refe,refebig) VALUES (	67	,	'	Almofada Amarela - Mickey	'	,	'A decoração é uma forma de transformar um cômodo, deixando-o aconchegante e, o mais importante, bem do jeitinho de você gosta, combinando com você! Pensando em ambientes alegres e sofisticados, a Mabruk desenvolveu a sua linha Disney, customizada com os personagens mais famosos de todo o mundo para deixar a sua casa linda, o quarto dos pequenos super decorados e os banheiros divertidos!',44.99,9,'assets/img/67.jpg','assets/img/din/67.jpg');
INSERT INTO produtos (sku,nome,descricao,preco,categoria_id,refe,refebig) VALUES (	68	,	'	Vídeo Babá Eletrônica - VBT 2400	'	,	'	Criada para aqueles momentos em que você não pode estar no mesmo ambiente que o bebê, a Vídeo Babá Eletrônica da Tectoy é sinônimo de tranquilidade, segurança e conforto! Possui um sistema de comunicação que permite que você veja e escute o seu bebê a qualquer momento.	'	,	699.99,9,'assets/img/68.jpg','assets/img/din/68.jpg');
INSERT INTO produtos (sku,nome,descricao,preco,categoria_id,refe,refebig) VALUES (	69	,	'	Adesivo de Parede Patati Patatá - 56x25 cm	'	,'Para deixar o quarto dos seus filhos decorado, mais divertido e alegre, com vários personagens dos desenhos e filmes que ele mais gosta é fácil! Os Adesivos de Parede da Gedex são práticos de instalar. Escolha os que os seus pequenos mais gostam, combine personagens de desenhos diferentes, use a criatividade! Depois é só escolher a melhor posição na parede e colá-los! Para removê-los, é bem simples. Eles descolam da parede sem precisar de esforço e não deixam resíduos!',10.9,9,'assets/img/69.jpg','assets/img/din/69.jpg');

-- INSERTS PARA ESTOQUE
INSERT INTO estoque VALUES (	1	,	0	);
INSERT INTO estoque VALUES (	2	,	7	);
INSERT INTO estoque VALUES (	3	,	5	);
INSERT INTO estoque VALUES (	4	,	9	);
INSERT INTO estoque VALUES (	5	,	1	);
INSERT INTO estoque VALUES (	6	,	0	);
INSERT INTO estoque VALUES (	7	,	2	);
INSERT INTO estoque VALUES (	8	,	5	);
INSERT INTO estoque VALUES (	9	,	6	);
INSERT INTO estoque VALUES (	10	,	7	);
INSERT INTO estoque VALUES (	11	,	1	);
INSERT INTO estoque VALUES (	12	,	8	);
INSERT INTO estoque VALUES (	13	,	4	);
INSERT INTO estoque VALUES (	14	,	2	);
INSERT INTO estoque VALUES (	15	,	0	);
INSERT INTO estoque VALUES (	16	,	5	);
INSERT INTO estoque VALUES (	17	,	9	);
INSERT INTO estoque VALUES (	18	,	0	);
INSERT INTO estoque VALUES (	19	,	0	);
INSERT INTO estoque VALUES (	20	,	1	);
INSERT INTO estoque VALUES (	21	,	5	);
INSERT INTO estoque VALUES (	22	,	7	);
INSERT INTO estoque VALUES (	23	,	8	);
INSERT INTO estoque VALUES (	24	,	9	);
INSERT INTO estoque VALUES (	25	,	5	);
INSERT INTO estoque VALUES (	26	,	2	);
INSERT INTO estoque VALUES (	27	,	0	);
INSERT INTO estoque VALUES (	28	,	8	);
INSERT INTO estoque VALUES (	29	,	1	);
INSERT INTO estoque VALUES (	30	,	2	);
INSERT INTO estoque VALUES (	31	,	4	);
INSERT INTO estoque VALUES (	32	,	8	);
INSERT INTO estoque VALUES (	33	,	7	);
INSERT INTO estoque VALUES (	34	,	4	);
INSERT INTO estoque VALUES (	35	,	1	);
INSERT INTO estoque VALUES (	36	,	0	);
INSERT INTO estoque VALUES (	37	,	2	);
INSERT INTO estoque VALUES (	38	,	3	);
INSERT INTO estoque VALUES (	39	,	6	);
INSERT INTO estoque VALUES (	40	,	9	);
INSERT INTO estoque VALUES (	41	,	7	);
INSERT INTO estoque VALUES (	42	,	4	);
INSERT INTO estoque VALUES (	43	,	0	);
INSERT INTO estoque VALUES (	44	,	4	);
INSERT INTO estoque VALUES (	45	,	4	);
INSERT INTO estoque VALUES (	46	,	5	);
INSERT INTO estoque VALUES (	47	,	7	);
INSERT INTO estoque VALUES (	48	,	7	);
INSERT INTO estoque VALUES (	49	,	8	);
INSERT INTO estoque VALUES (	50	,	4	);
INSERT INTO estoque VALUES (	51	,	6	);
INSERT INTO estoque VALUES (	52	,	3	);
INSERT INTO estoque VALUES (	53	,	2	);
INSERT INTO estoque VALUES (	54	,	4	);
INSERT INTO estoque VALUES (	55	,	5	);
INSERT INTO estoque VALUES (	56	,	8	);
INSERT INTO estoque VALUES (	57	,	4	);
INSERT INTO estoque VALUES (	58	,	5	);
INSERT INTO estoque VALUES (	59	,	8	);
INSERT INTO estoque VALUES (	60	,	8	);
INSERT INTO estoque VALUES (	61	,	0	);
INSERT INTO estoque VALUES (	62	,	2	);
INSERT INTO estoque VALUES (	63	,	5	);
INSERT INTO estoque VALUES (	64	,	9	);
INSERT INTO estoque VALUES (	65	,	8	);
INSERT INTO estoque VALUES (	66	,	7	);
INSERT INTO estoque VALUES (	67	,	4	);
INSERT INTO estoque VALUES (	68	,	1	);
INSERT INTO estoque VALUES (	69	,	2	);


-- SELECIONA 6 PRODUTOS RANDOMICAMENTE 
-- E OS ATUALIZA COMO PROMOVIDOS
SET SQL_SAFE_UPDATES = 0;
UPDATE produtos as p1
 INNER JOIN (
				SELECT sku
				  FROM produtos p2
				 ORDER BY RAND()
				 LIMIT 6
			) AS r
    ON r.sku = p1.sku
   SET p1.promovido = 1;
SET SQL_SAFE_UPDATES = 1;
